{"cameraMode":{"drawMode":0,"name":"Shaded","section":"Shading Mode"},"sceneLighting":false,"audioPlay":false,"sceneViewState":{"showFog":true,"showMaterialUpdate":false,"showSkybox":false,"showFlares":true,"showImageEffects":true,"showParticleSystems":true},"in2DMode":false,"pivot":{"x":-2.384185791015625e-7,"y":1.125475287437439,"z":1.1920928955078126e-7},"rotation":{"x":0.04315520077943802,"y":0.031147146597504617,"z":0.001457381877116859,"w":-0.9986482858657837},"size":10.54665470123291,"orthographic":false}